First_Name,Last_Name,Email,Company
Steven,Nguyen,snguyen0@dailymotion.com,Quinu
Nancy,Stevens,nstevens1@youtube.com,Yakijo
Gary,Ford,gford2@cnbc.com,Innojam
Paula,Cole,pcole3@twitter.com,Avaveo
Susan,Bryant,sbryant4@ycombinator.com,Skipfire
Nancy,Franklin,nfranklin5@typepad.com,BlogXS
Bruce,James,bjames6@prlog.org,Zoomcast
Nancy,Day,nday7@ca.gov,Skinte
Martha,Sanders,msanders8@nba.com,Yabox
Harold,Duncan,hduncan9@amazon.co.jp,Oyoloo
James,Watson,jwatsona@meetup.com,Photospace
Douglas,Ross,drossb@xrea.com,Zoomlounge
Charles,Hunter,chunterc@cbc.ca,Fivespan
Cynthia,Clark,cclarkd@yahoo.co.jp,Rhybox
Bobby,Lewis,blewise@ucla.edu,Meejo
Kathryn,Sanchez,ksanchezf@deviantart.com,Eare
Anne,Robertson,arobertsong@shareasale.com,Riffpedia
Andrew,Harvey,aharveyh@last.fm,InnoZ
Emily,Cox,ecoxi@google.com,Camido
Jennifer,Rogers,jrogersj@networksolutions.com,Skimia
Peter,Ortiz,portizk@netlog.com,Camimbo
Lawrence,Little,llittlel@sun.com,Yabox
Bobby,Johnston,bjohnstonm@whitehouse.gov,Youspan
Clarence,Jenkins,cjenkinsn@wikimedia.org,Bluejam
Sandra,Banks,sbankso@miibeian.gov.cn,Vipe
Kathy,Meyer,kmeyerp@istockphoto.com,Kaymbo
Raymond,Warren,rwarrenq@a8.net,Flashdog
George,Castillo,gcastillor@fda.gov,Quire
Norma,Hunter,nhunters@dagondesign.com,Viva
Andrew,Stephens,astephenst@networksolutions.com,Bluezoom
Jimmy,Williams,jwilliamsu@craigslist.org,Dabtype
Phyllis,Barnes,pbarnesv@amazon.de,Eamia
Kevin,Elliott,kelliottw@squarespace.com,Brainlounge
Evelyn,Nguyen,enguyenx@bandcamp.com,Lajo
Tina,Bennett,tbennetty@shinystat.com,Browsebug
Evelyn,Hicks,ehicksz@tuttocitta.it,Tazzy
Alice,Murray,amurray10@tuttocitta.it,Topiclounge
Denise,Phillips,dphillips11@addtoany.com,Tagchat
Pamela,James,pjames12@mysql.com,Agivu
Eric,Gilbert,egilbert13@alexa.com,Dabvine
Mildred,Dean,mdean14@mac.com,Rhycero
Jane,Crawford,jcrawford15@businesswire.com,Meembee
Walter,Perry,wperry16@twitpic.com,Meetz
Deborah,Peters,dpeters17@google.cn,Einti
Harold,Stephens,hstephens18@dot.gov,Twimm
Carl,Moreno,cmoreno19@cocolog-nifty.com,Aimbu
Arthur,Hall,ahall1a@gizmodo.com,Realmix
Deborah,Foster,dfoster1b@ameblo.jp,Pixoboo
Johnny,Stewart,jstewart1c@bbb.org,Rooxo
Jason,Holmes,jholmes1d@ezinearticles.com,Twinder
Patricia,Pierce,ppierce1e@twitter.com,Reallinks
Kathy,Morrison,kmorrison1f@hao123.com,Realfire
Ashley,Sanders,asanders1g@so-net.ne.jp,Wordware
Willie,Alexander,walexander1h@ed.gov,Linkbridge
Billy,Owens,bowens1i@wired.com,Cogilith
Kelly,Arnold,karnold1j@newsvine.com,Npath
Roger,Harvey,rharvey1k@i2i.jp,Skyba
Sarah,Tucker,stucker1l@google.es,Yoveo
Amanda,Little,alittle1m@histats.com,Skivee
Brandon,Wright,bwright1n@goodreads.com,Voomm
Carlos,Hayes,chayes1o@github.com,Kazu
Nancy,Willis,nwillis1p@storify.com,Skivee
Alice,Gordon,agordon1q@flavors.me,Wikivu
Jonathan,Andrews,jandrews1r@odnoklassniki.ru,Rhyzio
Robert,Bowman,rbowman1s@csmonitor.com,Avaveo
Kelly,Gonzalez,kgonzalez1t@mashable.com,Izio
Katherine,Cooper,kcooper1u@discuz.net,Quatz
John,Myers,jmyers1v@livejournal.com,Fliptune
Roger,West,rwest1w@people.com.cn,Realmix
Marie,Perez,mperez1x@un.org,Jabberbean
Karen,Berry,kberry1y@harvard.edu,Shufflester
Louis,Larson,llarson1z@cisco.com,Cogidoo
Edward,Porter,eporter20@dot.gov,Wikido
Louise,Banks,lbanks21@indiegogo.com,Meedoo
Stephanie,Robertson,srobertson22@usnews.com,Yakitri
Christine,Watson,cwatson23@redcross.org,Kazu
Billy,Reid,breid24@mashable.com,Kare
Roger,Reid,rreid25@istockphoto.com,Meevee
Dennis,White,dwhite26@fastcompany.com,Babbleblab
Brandon,Montgomery,bmontgomery27@ftc.gov,Livetube
Tammy,Morgan,tmorgan28@sciencedirect.com,Babbleblab
Ernest,Schmidt,eschmidt29@ustream.tv,Zoovu
Wanda,Lane,wlane2a@hao123.com,Quamba
Betty,Grant,bgrant2b@ebay.com,Gigazoom
Amy,Burton,aburton2c@wordpress.com,Gevee
Ernest,Butler,ebutler2d@businessinsider.com,Zooxo
Charles,Morris,cmorris2e@ovh.net,Jayo
Wayne,Martinez,wmartinez2f@goo.ne.jp,Kamba
Robert,Matthews,rmatthews2g@auda.org.au,Cogidoo
Jeremy,Cruz,jcruz2h@princeton.edu,Camido
Laura,West,lwest2i@microsoft.com,Divavu
Louise,Oliver,loliver2j@opensource.org,Linkbridge
Deborah,Lane,dlane2k@blogger.com,Cogibox
Marilyn,Chavez,mchavez2l@columbia.edu,Flashpoint
Mary,Porter,mporter2m@jalbum.net,Yodoo
Teresa,Vasquez,tvasquez2n@mysql.com,Meevee
Theresa,Webb,twebb2o@auda.org.au,Riffpedia
Thomas,Wilson,twilson2p@desdev.cn,Meejo
Craig,Barnes,cbarnes2q@com.com,Jaxspan
Dorothy,Phillips,dphillips2r@phpbb.com,Einti
Kathy,Stephens,kstephens2s@ucoz.ru,Wordtune
Christina,Palmer,cpalmer2t@yolasite.com,Mydeo
Gregory,King,gking2u@japanpost.jp,Pixope
Eugene,Howard,ehoward2v@youtu.be,Feedfire
Judy,Stewart,jstewart2w@bigcartel.com,Ooba
Harold,Chapman,hchapman2x@acquirethisname.com,Meetz
Carl,Garza,cgarza2y@tuttocitta.it,Thoughtsphere
Howard,King,hking2z@usa.gov,Twitternation
Keith,Reyes,kreyes30@rambler.ru,Wordtune
Jessica,Harris,jharris31@boston.com,Cogibox
David,Turner,dturner32@netlog.com,Quaxo
Justin,Lee,jlee33@ustream.tv,Devbug
James,Matthews,jmatthews34@marriott.com,Voomm
Dennis,Harvey,dharvey35@engadget.com,Skipfire
Marie,Garza,mgarza36@google.fr,Jaxspan
David,Mccoy,dmccoy37@marriott.com,Gabcube
Maria,Lawson,mlawson38@aol.com,Skyvu
Marie,Gonzalez,mgonzalez39@biblegateway.com,Feedmix
Eric,Hart,ehart3a@washington.edu,Thoughtmix
Lisa,Warren,lwarren3b@scientificamerican.com,Quaxo
Tammy,Gutierrez,tgutierrez3c@privacy.gov.au,Jaxbean
Wayne,Mccoy,wmccoy3d@yellowpages.com,Omba
Richard,Montgomery,rmontgomery3e@bandcamp.com,Trilith
Ralph,Ryan,rryan3f@china.com.cn,Quatz
Christine,Edwards,cedwards3g@reference.com,Thoughtbeat
Doris,Frazier,dfrazier3h@sciencedirect.com,Wordpedia
Brenda,Olson,bolson3i@redcross.org,Oyoba
Eugene,Sullivan,esullivan3j@issuu.com,Zoonoodle
Robert,Arnold,rarnold3k@ifeng.com,Zoomzone
Gregory,West,gwest3l@godaddy.com,Topicstorm
Joseph,Hayes,jhayes3m@slideshare.net,Meetz
Larry,Rodriguez,lrodriguez3n@biglobe.ne.jp,Yombu
Doris,Walker,dwalker3o@skyrock.com,Reallinks
Jimmy,Fields,jfields3p@time.com,Mydo
Adam,Marshall,amarshall3q@google.co.uk,Viva
Brian,Webb,bwebb3r@apple.com,Yambee
Terry,Cook,tcook3s@sohu.com,Quaxo
Shawn,Simpson,ssimpson3t@1688.com,Gigashots
Henry,Smith,hsmith3u@army.mil,Tagchat
Richard,Cunningham,rcunningham3v@samsung.com,Mybuzz
Diana,Hall,dhall3w@domainmarket.com,Brainbox
Stephen,Wilson,swilson3x@nhs.uk,Twimm
Lisa,Moore,lmoore3y@independent.co.uk,Eidel
Adam,Stanley,astanley3z@latimes.com,Jabbercube
Arthur,Alvarez,aalvarez40@accuweather.com,Gigazoom
Johnny,Owens,jowens41@comsenz.com,Fivechat
Frances,Harrison,fharrison42@cisco.com,Youopia
Aaron,Mason,amason43@livejournal.com,Buzzdog
Ernest,Diaz,ediaz44@wufoo.com,Devify
Thomas,Reynolds,treynolds45@thetimes.co.uk,Yakitri
William,Bowman,wbowman46@yellowbook.com,DabZ
Nicholas,Lane,nlane47@simplemachines.org,Mydeo
Kathy,Perkins,kperkins48@yelp.com,Chatterpoint
Susan,Dean,sdean49@ameblo.jp,Trilith
Jack,Kennedy,jkennedy4a@dailymail.co.uk,Photolist
Larry,Murray,lmurray4b@nymag.com,Riffpedia
Gerald,Porter,gporter4c@fc2.com,Thoughtbeat
Peter,Gilbert,pgilbert4d@va.gov,Tanoodle
Jane,Kim,jkim4e@amazon.de,Chatterpoint
Lawrence,Edwards,ledwards4f@amazon.co.uk,Kazu
Angela,Jones,ajones4g@yellowbook.com,Bubblebox
Michelle,Hanson,mhanson4h@google.es,DabZ
Michael,Pierce,mpierce4i@rambler.ru,Ooba
Richard,Carr,rcarr4j@bandcamp.com,Twitterworks
Rachel,James,rjames4k@yellowbook.com,Realblab
Ralph,Morales,rmorales4l@army.mil,Dabvine
Jonathan,Harper,jharper4m@quantcast.com,Snaptags
Lois,Harrison,lharrison4n@com.com,Skibox
Joshua,Chavez,jchavez4o@senate.gov,Topicshots
Amy,Mitchell,amitchell4p@yahoo.com,Skyba
Karen,Smith,ksmith4q@msu.edu,Vitz
Maria,Elliott,melliott4r@about.com,Tanoodle
Sharon,Duncan,sduncan4s@seesaa.net,Feedfire
Lois,Martin,lmartin4t@liveinternet.ru,Realcube
Deborah,Baker,dbaker4u@hhs.gov,Bubbletube
Jeffrey,Lynch,jlynch4v@unc.edu,Trilith
Mary,Sanders,msanders4w@salon.com,Oyoba
Cynthia,Dixon,cdixon4x@printfriendly.com,Ooba
Diana,Ford,dford4y@who.int,Dynava
Bonnie,Hansen,bhansen4z@mozilla.com,Gigazoom
Daniel,Romero,dromero50@de.vu,Jaxbean
Randy,Freeman,rfreeman51@uiuc.edu,Teklist
Sean,Duncan,sduncan52@twitter.com,Thoughtstorm
Patrick,Murphy,pmurphy53@shinystat.com,Yakijo
Shawn,Barnes,sbarnes54@pinterest.com,JumpXS
Anne,Lawson,alawson55@163.com,Blogtags
Randy,Knight,rknight56@independent.co.uk,Babbleset
Emily,Payne,epayne57@amazon.co.jp,Digitube
Samuel,Willis,swillis58@exblog.jp,Kamba
Eric,Alvarez,ealvarez59@xinhuanet.com,Nlounge
Willie,Pierce,wpierce5a@taobao.com,Brightbean
Gregory,Peters,gpeters5b@w3.org,Eire
Shawn,Gutierrez,sgutierrez5c@aol.com,Jetwire
Nicole,West,nwest5d@google.ca,Ntag
Walter,Mason,wmason5e@cocolog-nifty.com,Ntag
Amy,Dunn,adunn5f@mozilla.com,Innotype
Linda,Mason,lmason5g@independent.co.uk,Blogtags
Bruce,Parker,bparker5h@blogspot.com,Vitz
Rose,Richardson,rrichardson5i@prnewswire.com,Ooba
Clarence,Mills,cmills5j@bing.com,Feedfire
Jane,Fowler,jfowler5k@miitbeian.gov.cn,Tagopia
Bonnie,Ryan,bryan5l@nydailynews.com,Einti
Dorothy,Porter,dporter5m@patch.com,Youfeed
Judith,Hunt,jhunt5n@hatena.ne.jp,Dynava
Carolyn,Webb,cwebb5o@vkontakte.ru,LiveZ
Julie,Grant,jgrant5p@cbsnews.com,Oozz
Brian,Kennedy,bkennedy5q@last.fm,Mybuzz
Richard,Marshall,rmarshall5r@boston.com,Twitterlist
Helen,Torres,htorres5s@mediafire.com,Edgepulse
Gerald,Boyd,gboyd5t@fema.gov,Rhycero
Charles,Wallace,cwallace5u@va.gov,Skibox
Teresa,Rose,trose5v@time.com,Skiba
Alice,Howard,ahoward5w@tumblr.com,Chatterbridge
Antonio,Wallace,awallace5x@1688.com,Jabbersphere
Janice,Olson,jolson5y@bandcamp.com,Jayo
Kathleen,Marshall,kmarshall5z@pbs.org,Thoughtstorm
Adam,Jacobs,ajacobs60@reddit.com,Edgetag
Ralph,Grant,rgrant61@t-online.de,Plambee
Ryan,Matthews,rmatthews62@hc360.com,Flipstorm
Kimberly,Gibson,kgibson63@nymag.com,Camido
Amanda,Lynch,alynch64@github.io,Trudeo
Eugene,Ramos,eramos65@oaic.gov.au,Blogpad
William,Wilson,wwilson66@cnbc.com,Aibox
Ann,Mitchell,amitchell67@usatoday.com,Edgeify
Tammy,Ramirez,tramirez68@usatoday.com,Fivebridge
William,Howard,whoward69@howstuffworks.com,Linkbuzz
Amanda,Larson,alarson6a@yale.edu,Tagcat
Jonathan,Rogers,jrogers6b@shareasale.com,Eidel
Marilyn,Stephens,mstephens6c@google.co.jp,Omba
Diana,Franklin,dfranklin6d@free.fr,Skinte
Robert,Greene,rgreene6e@ted.com,Ozu
Lawrence,Morrison,lmorrison6f@umich.edu,Meeveo
Jennifer,Clark,jclark6g@plala.or.jp,Quamba
Pamela,Harper,pharper6h@sakura.ne.jp,Aimbu
Randy,Owens,rowens6i@uiuc.edu,Cogilith
Sara,Stanley,sstanley6j@earthlink.net,Thoughtstorm
Steve,Perkins,sperkins6k@sfgate.com,Twitterwire
Paul,Fowler,pfowler6l@xinhuanet.com,Eadel
Larry,Romero,lromero6m@infoseek.co.jp,Oyoloo
Lisa,Hunter,lhunter6n@google.fr,Voomm
Gary,Johnson,gjohnson6o@si.edu,Buzzdog
Sean,Holmes,sholmes6p@google.com.hk,Dabvine
Steven,Price,sprice6q@ftc.gov,Devcast
Jeffrey,Parker,jparker6r@forbes.com,Skynoodle
Maria,Martin,mmartin6s@wordpress.com,Zoomdog
Craig,Young,cyoung6t@gnu.org,Roodel
Scott,Hudson,shudson6u@oakley.com,Realblab
Donna,Wells,dwells6v@goo.gl,Tagtune
Barbara,Murphy,bmurphy6w@diigo.com,Zoomcast
Charles,Kennedy,ckennedy6x@kickstarter.com,Skyndu
Billy,Andrews,bandrews6y@bloglines.com,Twitterwire
Robin,West,rwest6z@free.fr,Yakitri
Larry,Bishop,lbishop70@sogou.com,Feedfish
Roger,Parker,rparker71@yellowpages.com,Dabvine
Michelle,Anderson,manderson72@reference.com,Linkbuzz
Christina,Morales,cmorales73@slate.com,Yambee
Stephanie,Hunter,shunter74@taobao.com,Wikido
Ernest,West,ewest75@nbcnews.com,Cogidoo
Melissa,Murphy,mmurphy76@springer.com,Twitterwire
Ryan,Ruiz,rruiz77@zimbio.com,Eadel
Elizabeth,Carter,ecarter78@bravesites.com,Skyndu
Justin,Jenkins,jjenkins79@prnewswire.com,Eadel
Karen,Howell,khowell7a@webeden.co.uk,Oyoloo
John,Rice,jrice7b@bluehost.com,Einti
Patrick,Morrison,pmorrison7c@springer.com,Devify
Terry,Burns,tburns7d@weibo.com,Cogidoo
Douglas,Woods,dwoods7e@csmonitor.com,Roombo
Ashley,Mitchell,amitchell7f@youtube.com,Livetube
Barbara,Dunn,bdunn7g@msn.com,Kazio
Richard,Grant,rgrant7h@feedburner.com,Dabfeed
Phyllis,Hudson,phudson7i@apache.org,Yodel
Margaret,Reynolds,mreynolds7j@wired.com,Quatz
Kathryn,Jacobs,kjacobs7k@digg.com,Babblestorm
Howard,Morales,hmorales7l@slideshare.net,Tagcat
Jessica,Hart,jhart7m@theglobeandmail.com,Edgetag
Roger,Gibson,rgibson7n@wunderground.com,Ozu
Ryan,Fisher,rfisher7o@opera.com,Rhyzio
James,Marshall,jmarshall7p@accuweather.com,Gigabox
Jonathan,Perkins,jperkins7q@stanford.edu,Gabvine
Lillian,Cook,lcook7r@toplist.cz,Topicware
Carlos,Anderson,canderson7s@yolasite.com,Flipbug
Louise,Wheeler,lwheeler7t@edublogs.org,Kwimbee
Charles,Collins,ccollins7u@163.com,Bluejam
Michelle,Larson,mlarson7v@instagram.com,Quatz
Stephanie,Hansen,shansen7w@gnu.org,Trilith
Robert,Hall,rhall7x@mit.edu,Skalith
Samuel,Richards,srichards7y@nsw.gov.au,Trilia
Elizabeth,Cole,ecole7z@prweb.com,Tagfeed
Dorothy,Grant,dgrant80@zdnet.com,Feedmix
Donald,Sullivan,dsullivan81@amazonaws.com,Gevee
Sean,Wallace,swallace82@jalbum.net,Teklist
Jonathan,Stewart,jstewart83@uiuc.edu,Twimbo
Doris,Pierce,dpierce84@photobucket.com,Meetz
Phillip,Wilson,pwilson85@squarespace.com,Katz
Sean,Hayes,shayes86@accuweather.com,Browsebug
Ralph,Carr,rcarr87@washington.edu,Fivespan
Stephen,Gray,sgray88@huffingtonpost.com,Oyope
Ralph,Kennedy,rkennedy89@noaa.gov,Fivechat
Edward,Davis,edavis8a@baidu.com,Dabfeed
Gary,Stevens,gstevens8b@prlog.org,Lazzy
